Name,Team
Norris,1
Piastri,1
Antonelli,2
Russell,2
Hadjar,3
Verstappen (Max),3
Hamilton,4
Leclerc,4
Albon,5
Sainz,5
Lawson,6
Lindblad,6
Alonso,7
Stroll,7
Bearman,8
Ocon,8
Colapinto,10
Gasly,10
Bortoleto,11
Bottas,11
Hülkenberg,11
Pérez,11
Barrichello,12
Button,12
Doohan,12
Ericsson,12
Fisichella,12
Grosjean,12
Gutiérrez,12
Hartley,12
Kobayashi,12
Kovalainen,12
Kubica,12
Kvyat,12
Latifi,12
Magnussen (Kevin),12
Maldonado,12
Marques,12
Massa,12
Palmer (Jolyon),12
Piquet Jr.,12
Ricciardo,12
Rosberg (Nico),12
Räikkönen,12
Sargeant,12
Sirotkin,12
Trulli,12
Tsunoda,12
Vandoorne,12
Vettel,12
Villeneuve,12
Wehrlein,12
Yoong,12
Zhou,12
di Resta,12
Acheson,13
Adams,13
Aitken,13
Albers,13
Alboreto,13
Alesi,13
Alguersuari,13
Alliot,13
Andretti,13
Apicella,13
Arnoux,13
Badoer,13
Bailey,13
Baldi,13
Barbazza,13
Barilla,13
Baumgartner,13
Bellof,13
Belmondo,13
Beretta,13
Berg,13
Berger,13
Bernard,13
Bernoldi,13
Bianchi,13
Blundell,13
Boullion,13
Bourdais,13
Boutsen,13
Brabham,13
Brundle,13
Bruni,13
Buemi,13
Burti,13
Caffi,13
Campos,13
Capelli,13
Chandhok,13
Cheever,13
Chiesa,13
Chilton,13
Comas,13
Coulthard,13
Dalmas,13
Danner,13
Davidson,13
Diniz,13
Donnelly,13
Doornbos,13
Dumfries,13
Délétraz,13
Enge,13
Fabi,13
Fabre,13
Firman,13
Fittipaldi (Christian),13
Fittipaldi (Pietro),13
Foitek,13
Fontana,13
Forini,13
Frentzen,13
Friesacher,13
Gachot,13
Gené,13
Ghinzani,13
Giovinazzi,13
Glock,13
Gounon,13
Grouillard,13
Gugelmin,13
Haryanto,13
Heidfeld,13
Herbert,13
Hesnault,13
Hill,13
Häkkinen,13
Ide,13
Inoue,13
Irvine,13
Johansson,13
Jones,13
Järvilehto,13
Karthikeyan,13
Katayama,13
Kiesa,13
Klien,13
Laffite,13
Lagorce,13
Lammers,13
Lamy,13
Larini,13
Larrauri,13
Lauda,13
Lavaggi,13
Liuzzi,13
Lotterer,13
Magnussen (Jan),13
Mansell,13
Martini,13
Mazepin,13
Mazzacane,13
McCarthy,13
McNish,13
Merhi,13
Modena,13
Montagny,13
Monteiro,13
Montermini,13
Morbidelli,13
Moreno,13
Nakajima (Kazuki),13
Nakajima (Satoru),13
Nakano,13
Nannini,13
Naspetti,13
Nasr,13
Noda,13
Pablo Montoya,13
Palmer (Jonathan),13
Panis,13
Pantano,13
Papis,13
Patrese,13
Petrov,13
Pic,13
Piquet,13
Pirro,13
Pizzonia,13
Prost,13
Pérez-Sala,13
Raphanel,13
Ratzenberger,13
Rosberg (Keke),13
Rosset,13
Rossi,13
Rothengatter,13
Salo,13
Sarrazin,13
Sato,13
Schiattarella,13
Schlesser,13
Schneider,13
Schumacher (Michael),13
Schumacher (Mick),13
Schumacher (Ralf),13
Senna (Ayrton),13
Senna (Bruno),13
Speed,13
Stevens,13
Streiff,13
Surer,13
Sutil,13
Suzuki (Aguri),13
Suzuki (Toshio),13
Takagi,13
Tambay,13
Tarquini,13
Tuero,13
Vergne,13
Verstappen (Jos),13
Warwick,13
Watson,13
Webber,13
Weidler,13
Wendlinger,13
Wilson,13
Winkelhock (Manfred),13
Winkelhock (Markus),13
Wurz,13
Yamamoto,13
Zanardi,13
Zonta,13
d'Ambrosio,13
da Matta,13
de Angelis,13
de Cesaris,13
de Vries,13
de la Rosa,13
di Grassi,13
van de Poele,13
van der Garde,13
